Full Name,Username,Email,Password,Registration Date
John Doe,johndoe,john@example.com,Password123,2026-10-02 10:30:00
yesha,yesha1234,25dce061@gmail.com,Yesha1234,"2026-10-02 10:32:53"
arjun,arjun12,arjun@gmail.com,Arjun1234,"2026-10-02 10:38:25"
yesha,yesha1234,25dce061@gmail.com,yesha1234,"2026-10-02 10:43:40"
yesha,yesha1234,25dce061@gmail.com,YESHA1234,"2026-10-02 13:14:11"
PRIYNKA,PRIYANKA,PRIYANKA@gmail.com,PRIYANKA,"2026-10-02 13:33:39"
yesha,yesha1234,25dce061@gmail.com,12345678,"2026-10-02 13:36:44"
yesha,yesha1234,25dce061@gmail.com,12345678,"2026-10-02 13:37:11"
yesha,yesha1234,25dce061@gmail.com,12345678,"2026-10-02 13:41:29"
arjun,25dce061,25dce061@gmail.com,12345678,"2026-10-02 13:43:38"
